currSessionId,currGameId,currGameRoundId,currGamePhase,playerId,playerType,strongestEmotionType,strongestEmotionIntensity,activeEmotions_Hate,activeEmotions_Reproach,activeEmotions_Shame,activeEmotions_Anger,activeEmotions_Remorse,activeEmotions_Distress,activeEmotions_Fear,activeEmotions_Disappointment,activeEmotions_FearConfirmed,activeEmotions_Pity,activeEmotions_Resentment,activeEmotions_Love,activeEmotions_Admiration,activeEmotions_Pride,activeEmotions_Gratitude,activeEmotions_Gratification,activeEmotions_Joy,activeEmotions_Hope,activeEmotions_Relief,activeEmotions_Satisfaction,activeEmotions_Gloating,activeEmotions_HappyFor
"100955JYP['CC', 'CC', 'CI']",1,0,BUDGET_ALLOCATION,0,AI-EMOTIONAL-CONSTRUCTIVE-COLLECTIVIST,Joy,1.91,0.00,0.00,0.00,0.00,0.00,0.00,0.00,0.00,0.00,0.00,0.00,0.00,0.00,0.00,0.00,0.00,1.91,0.00,0.00,0.00,0.00,0.00
"100955JYP['CC', 'CC', 'CI']",1,0,BUDGET_ALLOCATION,1,AI-EMOTIONAL-CONSTRUCTIVE-COLLECTIVIST,Joy,1.91,0.00,0.00,0.00,0.00,0.00,0.00,0.00,0.00,0.00,0.00,0.00,0.00,0.00,0.00,0.00,0.00,1.91,0.00,0.00,0.00,0.00,0.00
"100955JYP['CC', 'CC', 'CI']",1,0,BUDGET_ALLOCATION,2,AI-EMOTIONAL-CONSTRUCTIVE-INDIVIDUALISTIC,Joy,1.91,0.00,0.00,0.00,0.00,0.00,0.00,0.00,0.00,0.00,0.00,0.00,0.00,0.00,0.00,0.00,0.00,1.91,0.00,0.00,0.00,0.00,0.00
"100955JYP['CC', 'CC', 'CI']",1,1,BUDGET_ALLOCATION,0,AI-EMOTIONAL-CONSTRUCTIVE-COLLECTIVIST,Disappointment,3.65,0.00,0.00,0.00,0.00,0.00,0.00,0.00,3.65,0.00,0.00,0.00,0.00,2.15,0.00,0.00,0.00,2.31,0.39,0.00,0.00,0.00,0.00
"100955JYP['CC', 'CC', 'CI']",1,1,BUDGET_ALLOCATION,1,AI-EMOTIONAL-CONSTRUCTIVE-COLLECTIVIST,Disappointment,3.65,0.00,0.00,0.00,0.00,0.00,0.00,0.00,3.65,0.00,0.00,0.00,0.00,2.15,0.00,0.00,0.00,2.31,0.39,0.00,0.00,0.00,0.00
"100955JYP['CC', 'CC', 'CI']",1,1,BUDGET_ALLOCATION,2,AI-EMOTIONAL-CONSTRUCTIVE-INDIVIDUALISTIC,Disappointment,4.68,0.00,1.81,0.00,0.00,0.00,0.00,0.00,4.68,0.00,0.00,0.00,0.00,0.00,0.00,0.00,0.00,1.11,0.00,0.00,0.00,0.00,0.00
"100955JYP['CC', 'CC', 'CI']",1,2,BUDGET_ALLOCATION,2,AI-EMOTIONAL-CONSTRUCTIVE-INDIVIDUALISTIC,Reproach,2.69,0.00,2.69,0.00,0.00,0.00,0.00,0.00,0.00,0.00,0.00,0.00,0.00,0.00,0.00,0.00,0.00,0.50,0.00,0.00,0.00,0.00,0.00
"100955JYP['CC', 'CC', 'CI']",1,3,BUDGET_ALLOCATION,0,AI-EMOTIONAL-CONSTRUCTIVE-COLLECTIVIST,Joy,4.42,0.00,0.00,0.00,0.00,0.00,0.00,0.00,0.00,0.00,0.00,0.00,0.00,3.60,0.00,0.00,0.00,4.42,2.43,0.00,0.00,0.00,0.00
"100955JYP['CC', 'CC', 'CI']",1,3,BUDGET_ALLOCATION,1,AI-EMOTIONAL-CONSTRUCTIVE-COLLECTIVIST,Joy,4.42,0.00,0.00,0.00,0.00,0.00,0.00,0.00,0.00,0.00,0.00,0.00,0.00,3.60,0.00,0.00,0.00,4.42,2.43,0.00,0.00,0.00,0.00
"100955JYP['CC', 'CC', 'CI']",1,2,BUDGET_ALLOCATION,0,AI-EMOTIONAL-CONSTRUCTIVE-COLLECTIVIST,Joy,3.21,0.00,0.00,0.00,0.00,0.00,0.00,0.00,0.00,0.00,0.00,0.00,0.00,2.60,0.00,0.00,0.00,3.21,1.26,0.00,0.00,0.00,0.00
"100955JYP['CC', 'CC', 'CI']",1,2,BUDGET_ALLOCATION,1,AI-EMOTIONAL-CONSTRUCTIVE-COLLECTIVIST,Joy,3.21,0.00,0.00,0.00,0.00,0.00,0.00,0.00,0.00,0.00,0.00,0.00,0.00,2.60,0.00,0.00,0.00,3.21,1.26,0.00,0.00,0.00,0.00
"100955JYP['CC', 'CC', 'CI']",1,4,BUDGET_ALLOCATION,0,AI-EMOTIONAL-CONSTRUCTIVE-COLLECTIVIST,Joy,4.68,0.00,0.00,0.00,0.00,0.00,0.00,0.00,0.00,0.00,0.00,0.00,0.00,4.16,0.00,0.00,0.00,4.68,2.67,0.00,0.00,0.00,0.00
"100955JYP['CC', 'CC', 'CI']",1,4,BUDGET_ALLOCATION,1,AI-EMOTIONAL-CONSTRUCTIVE-COLLECTIVIST,Joy,4.68,0.00,0.00,0.00,0.00,0.00,0.00,0.00,0.00,0.00,0.00,0.00,0.00,4.16,0.00,0.00,0.00,4.68,2.67,0.00,0.00,0.00,0.00
"100955JYP['CC', 'CC', 'CI']",1,3,BUDGET_ALLOCATION,2,AI-EMOTIONAL-CONSTRUCTIVE-INDIVIDUALISTIC,Reproach,3.37,0.00,3.37,0.00,0.00,0.00,0.00,0.00,0.00,0.00,0.00,0.00,0.00,0.00,0.00,0.00,0.00,0.00,0.00,0.00,0.00,0.00,0.00
"100955JYP['CC', 'CC', 'CI']",1,5,BUDGET_ALLOCATION,0,AI-EMOTIONAL-CONSTRUCTIVE-COLLECTIVIST,Joy,4.68,0.00,0.00,0.00,0.00,0.00,0.00,0.00,0.00,0.00,0.00,0.00,0.00,4.16,0.00,0.00,0.00,4.68,2.67,0.00,0.00,0.00,0.00
"100955JYP['CC', 'CC', 'CI']",1,5,BUDGET_ALLOCATION,1,AI-EMOTIONAL-CONSTRUCTIVE-COLLECTIVIST,Joy,4.68,0.00,0.00,0.00,0.00,0.00,0.00,0.00,0.00,0.00,0.00,0.00,0.00,4.16,0.00,0.00,0.00,4.68,2.67,0.00,0.00,0.00,0.00
"100955JYP['CC', 'CC', 'CI']",1,4,BUDGET_ALLOCATION,2,AI-EMOTIONAL-CONSTRUCTIVE-INDIVIDUALISTIC,Reproach,4.16,0.00,4.16,0.00,0.00,0.00,0.00,0.00,0.00,0.00,0.00,0.00,0.00,0.00,0.00,0.00,0.00,0.00,0.00,0.00,0.00,0.00,0.00
"100955JYP['CC', 'CC', 'CI']",1,5,BUDGET_ALLOCATION,2,AI-EMOTIONAL-CONSTRUCTIVE-INDIVIDUALISTIC,Reproach,4.16,0.00,4.16,0.00,0.00,0.00,0.00,0.00,0.00,0.00,0.00,0.00,0.00,0.00,0.00,0.00,0.00,0.00,0.00,0.00,0.00,0.00,0.00
"100955JYP['CC', 'CC', 'CI']",1,6,BUDGET_ALLOCATION,0,AI-EMOTIONAL-CONSTRUCTIVE-COLLECTIVIST,Joy,4.68,0.00,0.00,0.00,0.00,0.00,0.00,0.00,0.00,0.00,0.00,0.00,0.00,4.16,0.00,0.00,0.00,4.68,2.67,0.00,0.00,0.00,0.00
"100955JYP['CC', 'CC', 'CI']",1,6,BUDGET_ALLOCATION,1,AI-EMOTIONAL-CONSTRUCTIVE-COLLECTIVIST,Joy,4.68,0.00,0.00,0.00,0.00,0.00,0.00,0.00,0.00,0.00,0.00,0.00,0.00,4.16,0.00,0.00,0.00,4.68,2.67,0.00,0.00,0.00,0.00
"100955JYP['CC', 'CC', 'CI']",1,6,BUDGET_ALLOCATION,2,AI-EMOTIONAL-CONSTRUCTIVE-INDIVIDUALISTIC,Reproach,4.16,0.00,4.16,0.00,0.00,0.00,0.00,0.00,0.00,0.00,0.00,0.00,0.00,0.00,0.00,0.00,0.00,0.00,0.00,0.00,0.00,0.00,0.00
"100955JYP['CC', 'CC', 'CI']",1,7,BUDGET_ALLOCATION,1,AI-EMOTIONAL-CONSTRUCTIVE-COLLECTIVIST,Joy,4.68,0.00,0.00,0.00,0.00,0.00,0.00,0.00,0.00,0.00,0.00,0.00,0.00,4.16,0.00,0.00,0.00,4.68,2.67,0.00,0.00,0.00,0.00
"100955JYP['CC', 'CC', 'CI']",1,7,BUDGET_ALLOCATION,0,AI-EMOTIONAL-CONSTRUCTIVE-COLLECTIVIST,Joy,4.68,0.00,0.00,0.00,0.00,0.00,0.00,0.00,0.00,0.00,0.00,0.00,0.00,4.16,0.00,0.00,0.00,4.68,2.67,0.00,0.00,0.00,0.00
"100955JYP['CC', 'CC', 'CI']",1,7,BUDGET_ALLOCATION,2,AI-EMOTIONAL-CONSTRUCTIVE-INDIVIDUALISTIC,Reproach,4.16,0.00,4.16,0.00,0.00,0.00,0.00,0.00,0.00,0.00,0.00,0.00,0.00,0.00,0.00,0.00,0.00,0.00,0.00,0.00,0.00,0.00,0.00
"100955JYP['CC', 'CC', 'CI']",1,8,BUDGET_ALLOCATION,0,AI-EMOTIONAL-CONSTRUCTIVE-COLLECTIVIST,Joy,4.68,0.00,0.00,0.00,0.00,0.00,0.00,0.00,0.00,0.00,0.00,0.00,0.00,4.16,0.00,0.00,0.00,4.68,2.67,0.00,0.00,0.00,0.00
"100955JYP['CC', 'CC', 'CI']",1,8,BUDGET_ALLOCATION,2,AI-EMOTIONAL-CONSTRUCTIVE-INDIVIDUALISTIC,Reproach,4.16,0.00,4.16,0.00,0.00,0.00,0.00,0.00,0.00,0.00,0.00,0.00,0.00,0.00,0.00,0.00,0.00,0.00,0.00,0.00,0.00,0.00,0.00
"100955JYP['CC', 'CC', 'CI']",1,8,BUDGET_ALLOCATION,1,AI-EMOTIONAL-CONSTRUCTIVE-COLLECTIVIST,Joy,4.68,0.00,0.00,0.00,0.00,0.00,0.00,0.00,0.00,0.00,0.00,0.00,0.00,4.16,0.00,0.00,0.00,4.68,2.67,0.00,0.00,0.00,0.00
"100955JYP['CC', 'CC', 'CI']",1,9,BUDGET_ALLOCATION,0,AI-EMOTIONAL-CONSTRUCTIVE-COLLECTIVIST,Joy,4.68,0.00,0.00,0.00,0.00,0.00,0.00,0.00,0.00,0.00,0.00,0.00,0.00,4.16,0.00,0.00,0.00,4.68,2.67,0.00,0.00,0.00,0.00
"100955JYP['CC', 'CC', 'CI']",1,9,BUDGET_ALLOCATION,1,AI-EMOTIONAL-CONSTRUCTIVE-COLLECTIVIST,Joy,4.68,0.00,0.00,0.00,0.00,0.00,0.00,0.00,0.00,0.00,0.00,0.00,0.00,4.16,0.00,0.00,0.00,4.68,2.67,0.00,0.00,0.00,0.00
"100955JYP['CC', 'CC', 'CI']",1,9,BUDGET_ALLOCATION,2,AI-EMOTIONAL-CONSTRUCTIVE-INDIVIDUALISTIC,Reproach,4.16,0.00,4.16,0.00,0.00,0.00,0.00,0.00,0.00,0.00,0.00,0.00,0.00,0.00,0.00,0.00,0.00,0.00,0.00,0.00,0.00,0.00,0.00
"101642HPY['CC', 'CC', 'DC']",1,0,BUDGET_ALLOCATION,0,AI-EMOTIONAL-CONSTRUCTIVE-COLLECTIVIST,Joy,1.91,0.00,0.00,0.00,0.00,0.00,0.00,0.00,0.00,0.00,0.00,0.00,0.00,0.00,0.00,0.00,0.00,1.91,0.00,0.00,0.00,0.00,0.00
"101642HPY['CC', 'CC', 'DC']",1,0,BUDGET_ALLOCATION,1,AI-EMOTIONAL-CONSTRUCTIVE-COLLECTIVIST,Joy,1.91,0.00,0.00,0.00,0.00,0.00,0.00,0.00,0.00,0.00,0.00,0.00,0.00,0.00,0.00,0.00,0.00,1.91,0.00,0.00,0.00,0.00,0.00
"101642HPY['CC', 'CC', 'DC']",1,0,BUDGET_ALLOCATION,2,AI-EMOTIONAL-DISRUPTIVE-COLLECTIVIST,Distress,1.91,0.00,0.00,0.00,0.00,0.00,1.91,0.00,0.00,0.00,0.00,0.00,0.00,0.00,0.00,0.00,0.00,0.00,0.00,0.00,0.00,0.00,0.00
"101642HPY['CC', 'CC', 'DC']",1,1,BUDGET_ALLOCATION,1,AI-EMOTIONAL-CONSTRUCTIVE-COLLECTIVIST,Disappointment,3.65,0.00,0.00,0.00,0.00,0.00,0.00,0.00,3.65,0.00,0.00,0.00,0.00,2.15,0.00,0.00,0.00,2.31,0.39,0.00,0.00,0.00,0.00
"101642HPY['CC', 'CC', 'DC']",1,1,BUDGET_ALLOCATION,2,AI-EMOTIONAL-DISRUPTIVE-COLLECTIVIST,Disappointment,4.03,0.00,0.00,0.00,0.00,0.00,1.91,0.00,4.03,0.00,0.00,0.00,0.00,1.81,0.00,0.00,0.00,0.00,0.00,0.00,0.00,0.00,0.00
"101642HPY['CC', 'CC', 'DC']",1,1,BUDGET_ALLOCATION,0,AI-EMOTIONAL-CONSTRUCTIVE-COLLECTIVIST,Disappointment,3.65,0.00,0.00,0.00,0.00,0.00,0.00,0.00,3.65,0.00,0.00,0.00,0.00,2.15,0.00,0.00,0.00,2.31,0.39,0.00,0.00,0.00,0.00
"101642HPY['CC', 'CC', 'DC']",1,2,BUDGET_ALLOCATION,2,AI-EMOTIONAL-DISRUPTIVE-COLLECTIVIST,Admiration,1.81,0.00,0.00,0.00,0.00,0.00,1.56,0.00,0.00,0.00,0.00,0.00,0.00,1.81,0.00,0.00,0.00,0.00,0.34,0.00,0.00,0.00,0.00
"101642HPY['CC', 'CC', 'DC']",1,3,BUDGET_ALLOCATION,0,AI-EMOTIONAL-CONSTRUCTIVE-COLLECTIVIST,Joy,4.42,0.00,0.00,0.00,0.00,0.00,0.00,0.00,0.00,0.00,0.00,0.00,0.00,3.60,0.00,0.00,0.00,4.42,2.43,0.00,0.00,0.00,0.00
"101642HPY['CC', 'CC', 'DC']",1,3,BUDGET_ALLOCATION,1,AI-EMOTIONAL-CONSTRUCTIVE-COLLECTIVIST,Joy,4.42,0.00,0.00,0.00,0.00,0.00,0.00,0.00,0.00,0.00,0.00,0.00,0.00,3.60,0.00,0.00,0.00,4.42,2.43,0.00,0.00,0.00,0.00
"101642HPY['CC', 'CC', 'DC']",1,3,BUDGET_ALLOCATION,2,AI-EMOTIONAL-DISRUPTIVE-COLLECTIVIST,Admiration,2.19,0.00,0.00,0.00,0.00,0.00,1.11,0.00,0.00,0.00,0.00,0.00,0.00,2.19,0.00,0.00,0.00,0.00,0.77,0.00,0.00,0.00,0.00
"101642HPY['CC', 'CC', 'DC']",1,2,BUDGET_ALLOCATION,0,AI-EMOTIONAL-CONSTRUCTIVE-COLLECTIVIST,Joy,3.21,0.00,0.00,0.00,0.00,0.00,0.00,0.00,0.00,0.00,0.00,0.00,0.00,2.60,0.00,0.00,0.00,3.21,1.26,0.00,0.00,0.00,0.00
"101642HPY['CC', 'CC', 'DC']",1,2,BUDGET_ALLOCATION,1,AI-EMOTIONAL-CONSTRUCTIVE-COLLECTIVIST,Joy,3.21,0.00,0.00,0.00,0.00,0.00,0.00,0.00,0.00,0.00,0.00,0.00,0.00,2.60,0.00,0.00,0.00,3.21,1.26,0.00,0.00,0.00,0.00
"101642HPY['CC', 'CC', 'DC']",1,4,BUDGET_ALLOCATION,0,AI-EMOTIONAL-CONSTRUCTIVE-COLLECTIVIST,Joy,4.68,0.00,0.00,0.00,0.00,0.00,0.00,0.00,0.00,0.00,0.00,0.00,0.00,4.16,0.00,0.00,0.00,4.68,2.67,0.00,0.00,0.00,0.00
"101642HPY['CC', 'CC', 'DC']",1,4,BUDGET_ALLOCATION,1,AI-EMOTIONAL-CONSTRUCTIVE-COLLECTIVIST,Joy,4.68,0.00,0.00,0.00,0.00,0.00,0.00,0.00,0.00,0.00,0.00,0.00,0.00,4.16,0.00,0.00,0.00,4.68,2.67,0.00,0.00,0.00,0.00
"101642HPY['CC', 'CC', 'DC']",1,4,BUDGET_ALLOCATION,2,AI-EMOTIONAL-DISRUPTIVE-COLLECTIVIST,Admiration,2.69,0.00,0.00,0.00,0.00,0.00,0.50,0.00,0.00,0.00,0.00,0.00,0.00,2.69,0.00,0.00,0.00,0.00,1.36,0.00,0.00,0.00,0.00
"101642FRP['CC', 'CC', 'DI']",1,0,BUDGET_ALLOCATION,0,AI-EMOTIONAL-CONSTRUCTIVE-COLLECTIVIST,Joy,1.91,0.00,0.00,0.00,0.00,0.00,0.00,0.00,0.00,0.00,0.00,0.00,0.00,0.00,0.00,0.00,0.00,1.91,0.00,0.00,0.00,0.00,0.00
"101642FRP['CC', 'CC', 'DI']",1,0,BUDGET_ALLOCATION,2,AI-EMOTIONAL-DISRUPTIVE-INDIVIDUALISTIC,Distress,1.91,0.00,0.00,0.00,0.00,0.00,1.91,0.00,0.00,0.00,0.00,0.00,0.00,0.00,0.00,0.00,0.00,0.00,0.00,0.00,0.00,0.00,0.00
"101642FRP['CC', 'CC', 'DI']",1,1,BUDGET_ALLOCATION,0,AI-EMOTIONAL-CONSTRUCTIVE-COLLECTIVIST,Disappointment,4.68,0.00,1.81,0.00,0.00,0.00,0.00,0.00,4.68,0.00,0.00,0.00,0.00,0.00,0.00,0.00,0.00,1.11,0.00,0.00,0.00,0.00,0.00
"101642FRP['CC', 'CC', 'DI']",1,0,BUDGET_ALLOCATION,1,AI-EMOTIONAL-CONSTRUCTIVE-COLLECTIVIST,Joy,1.91,0.00,0.00,0.00,0.00,0.00,0.00,0.00,0.00,0.00,0.00,0.00,0.00,0.00,0.00,0.00,0.00,1.91,0.00,0.00,0.00,0.00,0.00
"101642FRP['CC', 'CC', 'DI']",1,1,BUDGET_ALLOCATION,2,AI-EMOTIONAL-DISRUPTIVE-INDIVIDUALISTIC,Disappointment,4.03,0.00,0.00,0.00,0.00,0.00,1.91,0.00,4.03,0.00,0.00,0.00,0.00,1.81,0.00,0.00,0.00,0.00,0.00,0.00,0.00,0.00,0.00
"101642FRP['CC', 'CC', 'DI']",1,2,BUDGET_ALLOCATION,1,AI-EMOTIONAL-CONSTRUCTIVE-COLLECTIVIST,Reproach,2.69,0.00,2.69,0.00,0.00,0.00,0.00,0.00,0.00,0.00,0.00,0.00,0.00,0.00,0.00,0.00,0.00,0.50,0.00,0.00,0.00,0.00,0.00
"101642FRP['CC', 'CC', 'DI']",1,1,BUDGET_ALLOCATION,1,AI-EMOTIONAL-CONSTRUCTIVE-COLLECTIVIST,Disappointment,4.68,0.00,1.81,0.00,0.00,0.00,0.00,0.00,4.68,0.00,0.00,0.00,0.00,0.00,0.00,0.00,0.00,1.11,0.00,0.00,0.00,0.00,0.00
"101642FRP['CC', 'CC', 'DI']",1,2,BUDGET_ALLOCATION,0,AI-EMOTIONAL-CONSTRUCTIVE-COLLECTIVIST,Reproach,2.69,0.00,2.69,0.00,0.00,0.00,0.00,0.00,0.00,0.00,0.00,0.00,0.00,0.00,0.00,0.00,0.00,0.50,0.00,0.00,0.00,0.00,0.00
"101642FRP['CC', 'CC', 'DI']",1,3,BUDGET_ALLOCATION,1,AI-EMOTIONAL-CONSTRUCTIVE-COLLECTIVIST,Reproach,3.37,0.00,3.37,0.00,0.00,0.00,0.00,0.00,0.00,0.00,0.00,0.00,0.00,0.00,0.00,0.00,0.00,0.00,0.00,0.00,0.00,0.00,0.00
"101642FRP['CC', 'CC', 'DI']",1,2,BUDGET_ALLOCATION,2,AI-EMOTIONAL-DISRUPTIVE-INDIVIDUALISTIC,Admiration,1.81,0.00,0.00,0.00,0.00,0.00,1.56,0.00,0.00,0.00,0.00,0.00,0.00,1.81,0.00,0.00,0.00,0.00,0.34,0.00,0.00,0.00,0.00
"101642FRP['CC', 'CC', 'DI']",1,3,BUDGET_ALLOCATION,0,AI-EMOTIONAL-CONSTRUCTIVE-COLLECTIVIST,Reproach,3.37,0.00,3.37,0.00,0.00,0.00,0.00,0.00,0.00,0.00,0.00,0.00,0.00,0.00,0.00,0.00,0.00,0.00,0.00,0.00,0.00,0.00,0.00
"101642FRP['CC', 'CC', 'DI']",1,4,BUDGET_ALLOCATION,2,AI-EMOTIONAL-DISRUPTIVE-INDIVIDUALISTIC,Admiration,2.69,0.00,0.00,0.00,0.00,0.00,0.50,0.00,0.00,0.00,0.00,0.00,0.00,2.69,0.00,0.00,0.00,0.00,1.36,0.00,0.00,0.00,0.00
"101642FRP['CC', 'CC', 'DI']",1,5,BUDGET_ALLOCATION,0,AI-EMOTIONAL-CONSTRUCTIVE-COLLECTIVIST,Reproach,4.16,0.00,4.16,0.00,0.00,0.00,0.00,0.00,0.00,0.00,0.00,0.00,0.00,0.00,0.00,0.00,0.00,0.00,0.00,0.00,0.00,0.00,0.00
"101642FRP['CC', 'CC', 'DI']",1,3,BUDGET_ALLOCATION,2,AI-EMOTIONAL-DISRUPTIVE-INDIVIDUALISTIC,Admiration,2.19,0.00,0.00,0.00,0.00,0.00,1.11,0.00,0.00,0.00,0.00,0.00,0.00,2.19,0.00,0.00,0.00,0.00,0.77,0.00,0.00,0.00,0.00
"101642FRP['CC', 'CC', 'DI']",1,4,BUDGET_ALLOCATION,0,AI-EMOTIONAL-CONSTRUCTIVE-COLLECTIVIST,Reproach,4.16,0.00,4.16,0.00,0.00,0.00,0.00,0.00,0.00,0.00,0.00,0.00,0.00,0.00,0.00,0.00,0.00,0.00,0.00,0.00,0.00,0.00,0.00
"101642FRP['CC', 'CC', 'DI']",1,4,BUDGET_ALLOCATION,1,AI-EMOTIONAL-CONSTRUCTIVE-COLLECTIVIST,Reproach,4.16,0.00,4.16,0.00,0.00,0.00,0.00,0.00,0.00,0.00,0.00,0.00,0.00,0.00,0.00,0.00,0.00,0.00,0.00,0.00,0.00,0.00,0.00
"101642FRP['CC', 'CC', 'DI']",1,5,BUDGET_ALLOCATION,1,AI-EMOTIONAL-CONSTRUCTIVE-COLLECTIVIST,Reproach,4.16,0.00,4.16,0.00,0.00,0.00,0.00,0.00,0.00,0.00,0.00,0.00,0.00,0.00,0.00,0.00,0.00,0.00,0.00,0.00,0.00,0.00,0.00
"101642FRP['CC', 'CC', 'DI']",1,5,BUDGET_ALLOCATION,2,AI-EMOTIONAL-DISRUPTIVE-INDIVIDUALISTIC,Admiration,3.37,0.00,0.00,0.00,0.00,0.00,0.00,0.00,0.00,0.00,0.00,0.00,0.00,3.37,0.00,0.00,0.00,0.00,2.15,0.00,0.00,0.00,0.00
"101642FRP['CC', 'CC', 'DI']",1,6,BUDGET_ALLOCATION,0,AI-EMOTIONAL-CONSTRUCTIVE-COLLECTIVIST,Reproach,4.16,0.00,4.16,0.00,0.00,0.00,0.00,0.00,0.00,0.00,0.00,0.00,0.00,0.00,0.00,0.00,0.00,0.00,0.00,0.00,0.00,0.00,0.00
"101642FRP['CC', 'CC', 'DI']",1,6,BUDGET_ALLOCATION,1,AI-EMOTIONAL-CONSTRUCTIVE-COLLECTIVIST,Reproach,4.16,0.00,4.16,0.00,0.00,0.00,0.00,0.00,0.00,0.00,0.00,0.00,0.00,0.00,0.00,0.00,0.00,0.00,0.00,0.00,0.00,0.00,0.00
"101642FRP['CC', 'CC', 'DI']",1,7,BUDGET_ALLOCATION,1,AI-EMOTIONAL-CONSTRUCTIVE-COLLECTIVIST,Reproach,4.16,0.00,4.16,0.00,0.00,0.00,0.00,0.00,0.00,0.00,0.00,0.00,0.00,0.00,0.00,0.00,0.00,0.00,0.00,0.00,0.00,0.00,0.00
"101642FRP['CC', 'CC', 'DI']",1,6,BUDGET_ALLOCATION,2,AI-EMOTIONAL-DISRUPTIVE-INDIVIDUALISTIC,Admiration,4.16,0.00,0.00,0.00,0.00,0.00,0.00,0.00,0.00,0.00,0.00,0.00,0.00,4.16,0.00,0.00,0.00,0.00,2.67,0.00,0.00,0.00,0.00
"101642FRP['CC', 'CC', 'DI']",1,7,BUDGET_ALLOCATION,0,AI-EMOTIONAL-CONSTRUCTIVE-COLLECTIVIST,Reproach,4.16,0.00,4.16,0.00,0.00,0.00,0.00,0.00,0.00,0.00,0.00,0.00,0.00,0.00,0.00,0.00,0.00,0.00,0.00,0.00,0.00,0.00,0.00
"101642FRP['CC', 'CC', 'DI']",1,7,BUDGET_ALLOCATION,2,AI-EMOTIONAL-DISRUPTIVE-INDIVIDUALISTIC,Admiration,4.16,0.00,0.00,0.00,0.00,0.00,0.00,0.00,0.00,0.00,0.00,0.00,0.00,4.16,0.00,0.00,0.00,0.00,2.67,0.00,0.00,0.00,0.00
"101642FRP['CC', 'CC', 'DI']",1,8,BUDGET_ALLOCATION,0,AI-EMOTIONAL-CONSTRUCTIVE-COLLECTIVIST,Reproach,4.16,0.00,4.16,0.00,0.00,0.00,0.00,0.00,0.00,0.00,0.00,0.00,0.00,0.00,0.00,0.00,0.00,0.00,0.00,0.00,0.00,0.00,0.00
"101642FRP['CC', 'CC', 'DI']",1,8,BUDGET_ALLOCATION,1,AI-EMOTIONAL-CONSTRUCTIVE-COLLECTIVIST,Reproach,4.16,0.00,4.16,0.00,0.00,0.00,0.00,0.00,0.00,0.00,0.00,0.00,0.00,0.00,0.00,0.00,0.00,0.00,0.00,0.00,0.00,0.00,0.00
"101642FRP['CC', 'CC', 'DI']",1,8,BUDGET_ALLOCATION,2,AI-EMOTIONAL-DISRUPTIVE-INDIVIDUALISTIC,Admiration,4.16,0.00,0.00,0.00,0.00,0.00,0.00,0.00,0.00,0.00,0.00,0.00,0.00,4.16,0.00,0.00,0.00,0.00,2.67,0.00,0.00,0.00,0.00
"101642FRP['CC', 'CC', 'DI']",1,9,BUDGET_ALLOCATION,2,AI-EMOTIONAL-DISRUPTIVE-INDIVIDUALISTIC,Admiration,4.16,0.00,0.00,0.00,0.00,0.00,0.00,0.00,0.00,0.00,0.00,0.00,0.00,4.16,0.00,0.00,0.00,0.00,2.67,0.00,0.00,0.00,0.00
"101642FRP['CC', 'CC', 'DI']",1,9,BUDGET_ALLOCATION,0,AI-EMOTIONAL-CONSTRUCTIVE-COLLECTIVIST,Reproach,4.16,0.00,4.16,0.00,0.00,0.00,0.00,0.00,0.00,0.00,0.00,0.00,0.00,0.00,0.00,0.00,0.00,0.00,0.00,0.00,0.00,0.00,0.00
"101642FRP['CC', 'CC', 'DI']",1,9,BUDGET_ALLOCATION,1,AI-EMOTIONAL-CONSTRUCTIVE-COLLECTIVIST,Reproach,4.16,0.00,4.16,0.00,0.00,0.00,0.00,0.00,0.00,0.00,0.00,0.00,0.00,0.00,0.00,0.00,0.00,0.00,0.00,0.00,0.00,0.00,0.00
"101642FRP['CC', 'CC', 'DI']",1,10,BUDGET_ALLOCATION,0,AI-EMOTIONAL-CONSTRUCTIVE-COLLECTIVIST,Reproach,4.16,0.00,4.16,0.00,0.00,0.00,0.00,0.00,0.00,0.00,0.00,0.00,0.00,0.00,0.00,0.00,0.00,0.00,0.00,0.00,0.00,0.00,0.00
"101642FRP['CC', 'CC', 'DI']",1,11,BUDGET_ALLOCATION,0,AI-EMOTIONAL-CONSTRUCTIVE-COLLECTIVIST,Reproach,4.16,0.00,4.16,0.00,0.00,0.00,0.00,0.00,0.00,0.00,0.00,0.00,0.00,0.00,0.00,0.00,0.00,0.00,0.00,0.00,0.00,0.00,0.00
"101642FRP['CC', 'CC', 'DI']",1,11,BUDGET_ALLOCATION,1,AI-EMOTIONAL-CONSTRUCTIVE-COLLECTIVIST,Reproach,4.16,0.00,4.16,0.00,0.00,0.00,0.00,0.00,0.00,0.00,0.00,0.00,0.00,0.00,0.00,0.00,0.00,0.00,0.00,0.00,0.00,0.00,0.00
"101642FRP['CC', 'CC', 'DI']",1,10,BUDGET_ALLOCATION,1,AI-EMOTIONAL-CONSTRUCTIVE-COLLECTIVIST,Reproach,4.16,0.00,4.16,0.00,0.00,0.00,0.00,0.00,0.00,0.00,0.00,0.00,0.00,0.00,0.00,0.00,0.00,0.00,0.00,0.00,0.00,0.00,0.00
"101642FRP['CC', 'CC', 'DI']",1,10,BUDGET_ALLOCATION,2,AI-EMOTIONAL-DISRUPTIVE-INDIVIDUALISTIC,Admiration,4.16,0.00,0.00,0.00,0.00,0.00,0.00,0.00,0.00,0.00,0.00,0.00,0.00,4.16,0.00,0.00,0.00,0.00,2.67,0.00,0.00,0.00,0.00
"101642FRP['CC', 'CC', 'DI']",1,12,BUDGET_ALLOCATION,0,AI-EMOTIONAL-CONSTRUCTIVE-COLLECTIVIST,Reproach,4.16,0.00,4.16,0.00,0.00,0.00,0.00,0.00,0.00,0.00,0.00,0.00,0.00,0.00,0.00,0.00,0.00,0.00,0.00,0.00,0.00,0.00,0.00
"101642FRP['CC', 'CC', 'DI']",1,12,BUDGET_ALLOCATION,2,AI-EMOTIONAL-DISRUPTIVE-INDIVIDUALISTIC,Admiration,4.16,0.00,0.00,0.00,0.00,0.00,0.00,0.00,0.00,0.00,0.00,0.00,0.00,4.16,0.00,0.00,0.00,0.00,2.67,0.00,0.00,0.00,0.00
"101642FRP['CC', 'CC', 'DI']",1,11,BUDGET_ALLOCATION,2,AI-EMOTIONAL-DISRUPTIVE-INDIVIDUALISTIC,Admiration,4.16,0.00,0.00,0.00,0.00,0.00,0.00,0.00,0.00,0.00,0.00,0.00,0.00,4.16,0.00,0.00,0.00,0.00,2.67,0.00,0.00,0.00,0.00
"101642FRP['CC', 'CC', 'DI']",1,12,BUDGET_ALLOCATION,1,AI-EMOTIONAL-CONSTRUCTIVE-COLLECTIVIST,Reproach,4.16,0.00,4.16,0.00,0.00,0.00,0.00,0.00,0.00,0.00,0.00,0.00,0.00,0.00,0.00,0.00,0.00,0.00,0.00,0.00,0.00,0.00,0.00
"101642FRP['CC', 'CC', 'DI']",1,13,BUDGET_ALLOCATION,1,AI-EMOTIONAL-CONSTRUCTIVE-COLLECTIVIST,Reproach,4.16,0.00,4.16,0.00,0.00,0.00,0.00,0.00,0.00,0.00,0.00,0.00,0.00,0.00,0.00,0.00,0.00,0.00,0.00,0.00,0.00,0.00,0.00
"101642FRP['CC', 'CC', 'DI']",1,13,BUDGET_ALLOCATION,0,AI-EMOTIONAL-CONSTRUCTIVE-COLLECTIVIST,Reproach,4.16,0.00,4.16,0.00,0.00,0.00,0.00,0.00,0.00,0.00,0.00,0.00,0.00,0.00,0.00,0.00,0.00,0.00,0.00,0.00,0.00,0.00,0.00
"101642FRP['CC', 'CC', 'DI']",1,13,BUDGET_ALLOCATION,2,AI-EMOTIONAL-DISRUPTIVE-INDIVIDUALISTIC,Admiration,4.16,0.00,0.00,0.00,0.00,0.00,0.00,0.00,0.00,0.00,0.00,0.00,0.00,4.16,0.00,0.00,0.00,0.00,2.67,0.00,0.00,0.00,0.00
"101642FRP['CC', 'CC', 'DI']",1,14,BUDGET_ALLOCATION,1,AI-EMOTIONAL-CONSTRUCTIVE-COLLECTIVIST,Reproach,4.16,0.00,4.16,0.00,0.00,0.00,0.00,0.00,0.00,0.00,0.00,0.00,0.00,0.00,0.00,0.00,0.00,0.00,0.00,0.00,0.00,0.00,0.00
"101642FRP['CC', 'CC', 'DI']",1,14,BUDGET_ALLOCATION,0,AI-EMOTIONAL-CONSTRUCTIVE-COLLECTIVIST,Reproach,4.16,0.00,4.16,0.00,0.00,0.00,0.00,0.00,0.00,0.00,0.00,0.00,0.00,0.00,0.00,0.00,0.00,0.00,0.00,0.00,0.00,0.00,0.00
"101642FRP['CC', 'CC', 'DI']",1,14,BUDGET_ALLOCATION,2,AI-EMOTIONAL-DISRUPTIVE-INDIVIDUALISTIC,Admiration,4.16,0.00,0.00,0.00,0.00,0.00,0.00,0.00,0.00,0.00,0.00,0.00,0.00,4.16,0.00,0.00,0.00,0.00,2.67,0.00,0.00,0.00,0.00
"101642FRP['CC', 'CC', 'DI']",1,15,BUDGET_ALLOCATION,0,AI-EMOTIONAL-CONSTRUCTIVE-COLLECTIVIST,Reproach,4.16,0.00,4.16,0.00,0.00,0.00,0.00,0.00,0.00,0.00,0.00,0.00,0.00,0.00,0.00,0.00,0.00,0.00,0.00,0.00,0.00,0.00,0.00
"101642FRP['CC', 'CC', 'DI']",1,15,BUDGET_ALLOCATION,1,AI-EMOTIONAL-CONSTRUCTIVE-COLLECTIVIST,Reproach,4.16,0.00,4.16,0.00,0.00,0.00,0.00,0.00,0.00,0.00,0.00,0.00,0.00,0.00,0.00,0.00,0.00,0.00,0.00,0.00,0.00,0.00,0.00
"101642FRP['CC', 'CC', 'DI']",1,16,BUDGET_ALLOCATION,0,AI-EMOTIONAL-CONSTRUCTIVE-COLLECTIVIST,Reproach,4.16,0.00,4.16,0.00,0.00,0.00,0.00,0.00,0.00,0.00,0.00,0.00,0.00,0.00,0.00,0.00,0.00,0.00,0.00,0.00,0.00,0.00,0.00
"101642FRP['CC', 'CC', 'DI']",1,16,BUDGET_ALLOCATION,1,AI-EMOTIONAL-CONSTRUCTIVE-COLLECTIVIST,Reproach,4.16,0.00,4.16,0.00,0.00,0.00,0.00,0.00,0.00,0.00,0.00,0.00,0.00,0.00,0.00,0.00,0.00,0.00,0.00,0.00,0.00,0.00,0.00
"101642FRP['CC', 'CC', 'DI']",1,15,BUDGET_ALLOCATION,2,AI-EMOTIONAL-DISRUPTIVE-INDIVIDUALISTIC,Admiration,4.16,0.00,0.00,0.00,0.00,0.00,0.00,0.00,0.00,0.00,0.00,0.00,0.00,4.16,0.00,0.00,0.00,0.00,2.67,0.00,0.00,0.00,0.00
"101642FRP['CC', 'CC', 'DI']",1,16,BUDGET_ALLOCATION,2,AI-EMOTIONAL-DISRUPTIVE-INDIVIDUALISTIC,Admiration,4.16,0.00,0.00,0.00,0.00,0.00,0.00,0.00,0.00,0.00,0.00,0.00,0.00,4.16,0.00,0.00,0.00,0.00,2.67,0.00,0.00,0.00,0.00
"101642FRP['CC', 'CC', 'DI']",1,17,BUDGET_ALLOCATION,0,AI-EMOTIONAL-CONSTRUCTIVE-COLLECTIVIST,Reproach,4.16,0.00,4.16,0.00,0.00,0.00,0.00,0.00,0.00,0.00,0.00,0.00,0.00,0.00,0.00,0.00,0.00,0.00,0.00,0.00,0.00,0.00,0.00
"101642FRP['CC', 'CC', 'DI']",1,17,BUDGET_ALLOCATION,1,AI-EMOTIONAL-CONSTRUCTIVE-COLLECTIVIST,Reproach,4.16,0.00,4.16,0.00,0.00,0.00,0.00,0.00,0.00,0.00,0.00,0.00,0.00,0.00,0.00,0.00,0.00,0.00,0.00,0.00,0.00,0.00,0.00
"101642FRP['CC', 'CC', 'DI']",1,18,BUDGET_ALLOCATION,0,AI-EMOTIONAL-CONSTRUCTIVE-COLLECTIVIST,Reproach,4.16,0.00,4.16,0.00,0.00,0.00,0.00,0.00,0.00,0.00,0.00,0.00,0.00,0.00,0.00,0.00,0.00,0.00,0.00,0.00,0.00,0.00,0.00
"101642FRP['CC', 'CC', 'DI']",1,18,BUDGET_ALLOCATION,1,AI-EMOTIONAL-CONSTRUCTIVE-COLLECTIVIST,Reproach,4.16,0.00,4.16,0.00,0.00,0.00,0.00,0.00,0.00,0.00,0.00,0.00,0.00,0.00,0.00,0.00,0.00,0.00,0.00,0.00,0.00,0.00,0.00
"101642FRP['CC', 'CC', 'DI']",1,18,BUDGET_ALLOCATION,2,AI-EMOTIONAL-DISRUPTIVE-INDIVIDUALISTIC,Admiration,4.16,0.00,0.00,0.00,0.00,0.00,0.00,0.00,0.00,0.00,0.00,0.00,0.00,4.16,0.00,0.00,0.00,0.00,2.67,0.00,0.00,0.00,0.00
"101642FRP['CC', 'CC', 'DI']",1,17,BUDGET_ALLOCATION,2,AI-EMOTIONAL-DISRUPTIVE-INDIVIDUALISTIC,Admiration,4.16,0.00,0.00,0.00,0.00,0.00,0.00,0.00,0.00,0.00,0.00,0.00,0.00,4.16,0.00,0.00,0.00,0.00,2.67,0.00,0.00,0.00,0.00
"101642FRP['CC', 'CC', 'DI']",1,19,BUDGET_ALLOCATION,0,AI-EMOTIONAL-CONSTRUCTIVE-COLLECTIVIST,Reproach,4.16,0.00,4.16,0.00,0.00,0.00,0.00,0.00,0.00,0.00,0.00,0.00,0.00,0.00,0.00,0.00,0.00,0.00,0.00,0.00,0.00,0.00,0.00
"101642FRP['CC', 'CC', 'DI']",1,19,BUDGET_ALLOCATION,2,AI-EMOTIONAL-DISRUPTIVE-INDIVIDUALISTIC,Admiration,4.16,0.00,0.00,0.00,0.00,0.00,0.00,0.00,0.00,0.00,0.00,0.00,0.00,4.16,0.00,0.00,0.00,0.00,2.67,0.00,0.00,0.00,0.00
"101642FRP['CC', 'CC', 'DI']",1,19,BUDGET_ALLOCATION,1,AI-EMOTIONAL-CONSTRUCTIVE-COLLECTIVIST,Reproach,4.16,0.00,4.16,0.00,0.00,0.00,0.00,0.00,0.00,0.00,0.00,0.00,0.00,0.00,0.00,0.00,0.00,0.00,0.00,0.00,0.00,0.00,0.00
"101642FRP['CC', 'CC', 'DI']",1,20,BUDGET_ALLOCATION,1,AI-EMOTIONAL-CONSTRUCTIVE-COLLECTIVIST,Reproach,4.16,0.00,4.16,0.00,0.00,0.00,0.00,0.00,0.00,0.00,0.00,0.00,0.00,0.00,0.00,0.00,0.00,0.00,0.00,0.00,0.00,0.00,0.00
"101642FRP['CC', 'CC', 'DI']",1,20,BUDGET_ALLOCATION,2,AI-EMOTIONAL-DISRUPTIVE-INDIVIDUALISTIC,Admiration,4.16,0.00,0.00,0.00,0.00,0.00,0.00,0.00,0.00,0.00,0.00,0.00,0.00,4.16,0.00,0.00,0.00,0.00,2.67,0.00,0.00,0.00,0.00
"101642FRP['CC', 'CC', 'DI']",1,21,BUDGET_ALLOCATION,0,AI-EMOTIONAL-CONSTRUCTIVE-COLLECTIVIST,Reproach,4.16,0.00,4.16,0.00,0.00,0.00,0.00,0.00,0.00,0.00,0.00,0.00,0.00,0.00,0.00,0.00,0.00,0.00,0.00,0.00,0.00,0.00,0.00
"101642FRP['CC', 'CC', 'DI']",1,20,BUDGET_ALLOCATION,0,AI-EMOTIONAL-CONSTRUCTIVE-COLLECTIVIST,Reproach,4.16,0.00,4.16,0.00,0.00,0.00,0.00,0.00,0.00,0.00,0.00,0.00,0.00,0.00,0.00,0.00,0.00,0.00,0.00,0.00,0.00,0.00,0.00
"101642FRP['CC', 'CC', 'DI']",1,22,BUDGET_ALLOCATION,0,AI-EMOTIONAL-CONSTRUCTIVE-COLLECTIVIST,Reproach,4.16,0.00,4.16,0.00,0.00,0.00,0.00,0.00,0.00,0.00,0.00,0.00,0.00,0.00,0.00,0.00,0.00,0.00,0.00,0.00,0.00,0.00,0.00
"101642FRP['CC', 'CC', 'DI']",1,21,BUDGET_ALLOCATION,1,AI-EMOTIONAL-CONSTRUCTIVE-COLLECTIVIST,Reproach,4.16,0.00,4.16,0.00,0.00,0.00,0.00,0.00,0.00,0.00,0.00,0.00,0.00,0.00,0.00,0.00,0.00,0.00,0.00,0.00,0.00,0.00,0.00
"101642FRP['CC', 'CC', 'DI']",1,21,BUDGET_ALLOCATION,2,AI-EMOTIONAL-DISRUPTIVE-INDIVIDUALISTIC,Admiration,4.16,0.00,0.00,0.00,0.00,0.00,0.00,0.00,0.00,0.00,0.00,0.00,0.00,4.16,0.00,0.00,0.00,0.00,2.67,0.00,0.00,0.00,0.00
"101642FRP['CC', 'CC', 'DI']",1,22,BUDGET_ALLOCATION,1,AI-EMOTIONAL-CONSTRUCTIVE-COLLECTIVIST,Reproach,4.16,0.00,4.16,0.00,0.00,0.00,0.00,0.00,0.00,0.00,0.00,0.00,0.00,0.00,0.00,0.00,0.00,0.00,0.00,0.00,0.00,0.00,0.00
"101642FRP['CC', 'CC', 'DI']",1,22,BUDGET_ALLOCATION,2,AI-EMOTIONAL-DISRUPTIVE-INDIVIDUALISTIC,Admiration,4.16,0.00,0.00,0.00,0.00,0.00,0.00,0.00,0.00,0.00,0.00,0.00,0.00,4.16,0.00,0.00,0.00,0.00,2.67,0.00,0.00,0.00,0.00
"101642FRP['CC', 'CC', 'DI']",1,23,BUDGET_ALLOCATION,1,AI-EMOTIONAL-CONSTRUCTIVE-COLLECTIVIST,Reproach,4.16,0.00,4.16,0.00,0.00,0.00,0.00,0.00,0.00,0.00,0.00,0.00,0.00,0.00,0.00,0.00,0.00,0.00,0.00,0.00,0.00,0.00,0.00
"101642FRP['CC', 'CC', 'DI']",1,23,BUDGET_ALLOCATION,0,AI-EMOTIONAL-CONSTRUCTIVE-COLLECTIVIST,Reproach,4.16,0.00,4.16,0.00,0.00,0.00,0.00,0.00,0.00,0.00,0.00,0.00,0.00,0.00,0.00,0.00,0.00,0.00,0.00,0.00,0.00,0.00,0.00
"101642FRP['CC', 'CC', 'DI']",1,23,BUDGET_ALLOCATION,2,AI-EMOTIONAL-DISRUPTIVE-INDIVIDUALISTIC,Admiration,4.16,0.00,0.00,0.00,0.00,0.00,0.00,0.00,0.00,0.00,0.00,0.00,0.00,4.16,0.00,0.00,0.00,0.00,2.67,0.00,0.00,0.00,0.00
"101642FRP['CC', 'CC', 'DI']",1,24,BUDGET_ALLOCATION,1,AI-EMOTIONAL-CONSTRUCTIVE-COLLECTIVIST,Reproach,4.16,0.00,4.16,0.00,0.00,0.00,0.00,0.00,0.00,0.00,0.00,0.00,0.00,0.00,0.00,0.00,0.00,0.00,0.00,0.00,0.00,0.00,0.00
"101642FRP['CC', 'CC', 'DI']",1,24,BUDGET_ALLOCATION,0,AI-EMOTIONAL-CONSTRUCTIVE-COLLECTIVIST,Reproach,4.16,0.00,4.16,0.00,0.00,0.00,0.00,0.00,0.00,0.00,0.00,0.00,0.00,0.00,0.00,0.00,0.00,0.00,0.00,0.00,0.00,0.00,0.00
"101642FRP['CC', 'CC', 'DI']",1,24,BUDGET_ALLOCATION,2,AI-EMOTIONAL-DISRUPTIVE-INDIVIDUALISTIC,Admiration,4.16,0.00,0.00,0.00,0.00,0.00,0.00,0.00,0.00,0.00,0.00,0.00,0.00,4.16,0.00,0.00,0.00,0.00,2.67,0.00,0.00,0.00,0.00
"101642FRP['CC', 'CC', 'DI']",1,25,BUDGET_ALLOCATION,0,AI-EMOTIONAL-CONSTRUCTIVE-COLLECTIVIST,Reproach,4.16,0.00,4.16,0.00,0.00,0.00,0.00,0.00,0.00,0.00,0.00,0.00,0.00,0.00,0.00,0.00,0.00,0.00,0.00,0.00,0.00,0.00,0.00
"101642FRP['CC', 'CC', 'DI']",1,25,BUDGET_ALLOCATION,2,AI-EMOTIONAL-DISRUPTIVE-INDIVIDUALISTIC,Admiration,4.16,0.00,0.00,0.00,0.00,0.00,0.00,0.00,0.00,0.00,0.00,0.00,0.00,4.16,0.00,0.00,0.00,0.00,2.67,0.00,0.00,0.00,0.00
"101642FRP['CC', 'CC', 'DI']",1,25,BUDGET_ALLOCATION,1,AI-EMOTIONAL-CONSTRUCTIVE-COLLECTIVIST,Reproach,4.16,0.00,4.16,0.00,0.00,0.00,0.00,0.00,0.00,0.00,0.00,0.00,0.00,0.00,0.00,0.00,0.00,0.00,0.00,0.00,0.00,0.00,0.00
"101642FRP['CC', 'CC', 'DI']",1,26,BUDGET_ALLOCATION,0,AI-EMOTIONAL-CONSTRUCTIVE-COLLECTIVIST,Reproach,4.16,0.00,4.16,0.00,0.00,0.00,0.00,0.00,0.00,0.00,0.00,0.00,0.00,0.00,0.00,0.00,0.00,0.00,0.00,0.00,0.00,0.00,0.00
"101642FRP['CC', 'CC', 'DI']",1,27,BUDGET_ALLOCATION,0,AI-EMOTIONAL-CONSTRUCTIVE-COLLECTIVIST,Reproach,4.16,0.00,4.16,0.00,0.00,0.00,0.00,0.00,0.00,0.00,0.00,0.00,0.00,0.00,0.00,0.00,0.00,0.00,0.00,0.00,0.00,0.00,0.00
"101642FRP['CC', 'CC', 'DI']",1,27,BUDGET_ALLOCATION,1,AI-EMOTIONAL-CONSTRUCTIVE-COLLECTIVIST,Reproach,4.16,0.00,4.16,0.00,0.00,0.00,0.00,0.00,0.00,0.00,0.00,0.00,0.00,0.00,0.00,0.00,0.00,0.00,0.00,0.00,0.00,0.00,0.00
"101642FRP['CC', 'CC', 'DI']",1,26,BUDGET_ALLOCATION,1,AI-EMOTIONAL-CONSTRUCTIVE-COLLECTIVIST,Reproach,4.16,0.00,4.16,0.00,0.00,0.00,0.00,0.00,0.00,0.00,0.00,0.00,0.00,0.00,0.00,0.00,0.00,0.00,0.00,0.00,0.00,0.00,0.00
"101642FRP['CC', 'CC', 'DI']",1,26,BUDGET_ALLOCATION,2,AI-EMOTIONAL-DISRUPTIVE-INDIVIDUALISTIC,Admiration,4.16,0.00,0.00,0.00,0.00,0.00,0.00,0.00,0.00,0.00,0.00,0.00,0.00,4.16,0.00,0.00,0.00,0.00,2.67,0.00,0.00,0.00,0.00
"101642FRP['CC', 'CC', 'DI']",1,28,BUDGET_ALLOCATION,0,AI-EMOTIONAL-CONSTRUCTIVE-COLLECTIVIST,Reproach,4.16,0.00,4.16,0.00,0.00,0.00,0.00,0.00,0.00,0.00,0.00,0.00,0.00,0.00,0.00,0.00,0.00,0.00,0.00,0.00,0.00,0.00,0.00
"101642FRP['CC', 'CC', 'DI']",1,28,BUDGET_ALLOCATION,1,AI-EMOTIONAL-CONSTRUCTIVE-COLLECTIVIST,Reproach,4.16,0.00,4.16,0.00,0.00,0.00,0.00,0.00,0.00,0.00,0.00,0.00,0.00,0.00,0.00,0.00,0.00,0.00,0.00,0.00,0.00,0.00,0.00
"101642FRP['CC', 'CC', 'DI']",1,28,BUDGET_ALLOCATION,2,AI-EMOTIONAL-DISRUPTIVE-INDIVIDUALISTIC,Admiration,4.16,0.00,0.00,0.00,0.00,0.00,0.00,0.00,0.00,0.00,0.00,0.00,0.00,4.16,0.00,0.00,0.00,0.00,2.67,0.00,0.00,0.00,0.00
"101642FRP['CC', 'CC', 'DI']",1,27,BUDGET_ALLOCATION,2,AI-EMOTIONAL-DISRUPTIVE-INDIVIDUALISTIC,Admiration,4.16,0.00,0.00,0.00,0.00,0.00,0.00,0.00,0.00,0.00,0.00,0.00,0.00,4.16,0.00,0.00,0.00,0.00,2.67,0.00,0.00,0.00,0.00
"101642FRP['CC', 'CC', 'DI']",1,29,BUDGET_ALLOCATION,0,AI-EMOTIONAL-CONSTRUCTIVE-COLLECTIVIST,Reproach,4.16,0.00,4.16,0.00,0.00,0.00,0.00,0.00,0.00,0.00,0.00,0.00,0.00,0.00,0.00,0.00,0.00,0.00,0.00,0.00,0.00,0.00,0.00
"101642FRP['CC', 'CC', 'DI']",1,29,BUDGET_ALLOCATION,2,AI-EMOTIONAL-DISRUPTIVE-INDIVIDUALISTIC,Admiration,4.16,0.00,0.00,0.00,0.00,0.00,0.00,0.00,0.00,0.00,0.00,0.00,0.00,4.16,0.00,0.00,0.00,0.00,2.67,0.00,0.00,0.00,0.00
"101642FRP['CC', 'CC', 'DI']",1,29,BUDGET_ALLOCATION,1,AI-EMOTIONAL-CONSTRUCTIVE-COLLECTIVIST,Reproach,4.16,0.00,4.16,0.00,0.00,0.00,0.00,0.00,0.00,0.00,0.00,0.00,0.00,0.00,0.00,0.00,0.00,0.00,0.00,0.00,0.00,0.00,0.00
"101642FRP['CC', 'CC', 'DI']",1,30,BUDGET_ALLOCATION,0,AI-EMOTIONAL-CONSTRUCTIVE-COLLECTIVIST,Reproach,4.16,0.00,4.16,0.00,0.00,0.00,0.00,0.00,0.00,0.00,0.00,0.00,0.00,0.00,0.00,0.00,0.00,0.00,0.00,0.00,0.00,0.00,0.00
"101642FRP['CC', 'CC', 'DI']",1,30,BUDGET_ALLOCATION,1,AI-EMOTIONAL-CONSTRUCTIVE-COLLECTIVIST,Reproach,4.16,0.00,4.16,0.00,0.00,0.00,0.00,0.00,0.00,0.00,0.00,0.00,0.00,0.00,0.00,0.00,0.00,0.00,0.00,0.00,0.00,0.00,0.00
"101642FRP['CC', 'CC', 'DI']",1,30,BUDGET_ALLOCATION,2,AI-EMOTIONAL-DISRUPTIVE-INDIVIDUALISTIC,Admiration,4.16,0.00,0.00,0.00,0.00,0.00,0.00,0.00,0.00,0.00,0.00,0.00,0.00,4.16,0.00,0.00,0.00,0.00,2.67,0.00,0.00,0.00,0.00
"101642FRP['CC', 'CC', 'DI']",1,32,BUDGET_ALLOCATION,0,AI-EMOTIONAL-CONSTRUCTIVE-COLLECTIVIST,Reproach,4.16,0.00,4.16,0.00,0.00,0.00,0.00,0.00,0.00,0.00,0.00,0.00,0.00,0.00,0.00,0.00,0.00,0.00,0.00,0.00,0.00,0.00,0.00
"101642FRP['CC', 'CC', 'DI']",1,31,BUDGET_ALLOCATION,0,AI-EMOTIONAL-CONSTRUCTIVE-COLLECTIVIST,Reproach,4.16,0.00,4.16,0.00,0.00,0.00,0.00,0.00,0.00,0.00,0.00,0.00,0.00,0.00,0.00,0.00,0.00,0.00,0.00,0.00,0.00,0.00,0.00
"101642FRP['CC', 'CC', 'DI']",1,31,BUDGET_ALLOCATION,1,AI-EMOTIONAL-CONSTRUCTIVE-COLLECTIVIST,Reproach,4.16,0.00,4.16,0.00,0.00,0.00,0.00,0.00,0.00,0.00,0.00,0.00,0.00,0.00,0.00,0.00,0.00,0.00,0.00,0.00,0.00,0.00,0.00
"101642FRP['CC', 'CC', 'DI']",1,31,BUDGET_ALLOCATION,2,AI-EMOTIONAL-DISRUPTIVE-INDIVIDUALISTIC,Admiration,4.16,0.00,0.00,0.00,0.00,0.00,0.00,0.00,0.00,0.00,0.00,0.00,0.00,4.16,0.00,0.00,0.00,0.00,2.67,0.00,0.00,0.00,0.00
"101642FRP['CC', 'CC', 'DI']",1,32,BUDGET_ALLOCATION,1,AI-EMOTIONAL-CONSTRUCTIVE-COLLECTIVIST,Reproach,4.16,0.00,4.16,0.00,0.00,0.00,0.00,0.00,0.00,0.00,0.00,0.00,0.00,0.00,0.00,0.00,0.00,0.00,0.00,0.00,0.00,0.00,0.00
"101642FRP['CC', 'CC', 'DI']",1,33,BUDGET_ALLOCATION,0,AI-EMOTIONAL-CONSTRUCTIVE-COLLECTIVIST,Reproach,4.16,0.00,4.16,0.00,0.00,0.00,0.00,0.00,0.00,0.00,0.00,0.00,0.00,0.00,0.00,0.00,0.00,0.00,0.00,0.00,0.00,0.00,0.00
"101642FRP['CC', 'CC', 'DI']",1,33,BUDGET_ALLOCATION,1,AI-EMOTIONAL-CONSTRUCTIVE-COLLECTIVIST,Reproach,4.16,0.00,4.16,0.00,0.00,0.00,0.00,0.00,0.00,0.00,0.00,0.00,0.00,0.00,0.00,0.00,0.00,0.00,0.00,0.00,0.00,0.00,0.00
"101642FRP['CC', 'CC', 'DI']",1,32,BUDGET_ALLOCATION,2,AI-EMOTIONAL-DISRUPTIVE-INDIVIDUALISTIC,Admiration,4.16,0.00,0.00,0.00,0.00,0.00,0.00,0.00,0.00,0.00,0.00,0.00,0.00,4.16,0.00,0.00,0.00,0.00,2.67,0.00,0.00,0.00,0.00
"101642FRP['CC', 'CC', 'DI']",1,34,BUDGET_ALLOCATION,0,AI-EMOTIONAL-CONSTRUCTIVE-COLLECTIVIST,Reproach,4.16,0.00,4.16,0.00,0.00,0.00,0.00,0.00,0.00,0.00,0.00,0.00,0.00,0.00,0.00,0.00,0.00,0.00,0.00,0.00,0.00,0.00,0.00
"101642FRP['CC', 'CC', 'DI']",1,34,BUDGET_ALLOCATION,1,AI-EMOTIONAL-CONSTRUCTIVE-COLLECTIVIST,Reproach,4.16,0.00,4.16,0.00,0.00,0.00,0.00,0.00,0.00,0.00,0.00,0.00,0.00,0.00,0.00,0.00,0.00,0.00,0.00,0.00,0.00,0.00,0.00
"101642FRP['CC', 'CC', 'DI']",1,33,BUDGET_ALLOCATION,2,AI-EMOTIONAL-DISRUPTIVE-INDIVIDUALISTIC,Admiration,4.16,0.00,0.00,0.00,0.00,0.00,0.00,0.00,0.00,0.00,0.00,0.00,0.00,4.16,0.00,0.00,0.00,0.00,2.67,0.00,0.00,0.00,0.00
"101642FRP['CC', 'CC', 'DI']",1,34,BUDGET_ALLOCATION,2,AI-EMOTIONAL-DISRUPTIVE-INDIVIDUALISTIC,Admiration,4.16,0.00,0.00,0.00,0.00,0.00,0.00,0.00,0.00,0.00,0.00,0.00,0.00,4.16,0.00,0.00,0.00,0.00,2.67,0.00,0.00,0.00,0.00
"101642FRP['CC', 'CC', 'DI']",1,35,BUDGET_ALLOCATION,0,AI-EMOTIONAL-CONSTRUCTIVE-COLLECTIVIST,Reproach,4.16,0.00,4.16,0.00,0.00,0.00,0.00,0.00,0.00,0.00,0.00,0.00,0.00,0.00,0.00,0.00,0.00,0.00,0.00,0.00,0.00,0.00,0.00
"101642FRP['CC', 'CC', 'DI']",1,35,BUDGET_ALLOCATION,1,AI-EMOTIONAL-CONSTRUCTIVE-COLLECTIVIST,Reproach,4.16,0.00,4.16,0.00,0.00,0.00,0.00,0.00,0.00,0.00,0.00,0.00,0.00,0.00,0.00,0.00,0.00,0.00,0.00,0.00,0.00,0.00,0.00
"101642FRP['CC', 'CC', 'DI']",1,35,BUDGET_ALLOCATION,2,AI-EMOTIONAL-DISRUPTIVE-INDIVIDUALISTIC,Admiration,4.16,0.00,0.00,0.00,0.00,0.00,0.00,0.00,0.00,0.00,0.00,0.00,0.00,4.16,0.00,0.00,0.00,0.00,2.67,0.00,0.00,0.00,0.00
"101642FRP['CC', 'CC', 'DI']",1,36,BUDGET_ALLOCATION,0,AI-EMOTIONAL-CONSTRUCTIVE-COLLECTIVIST,Reproach,4.16,0.00,4.16,0.00,0.00,0.00,0.00,0.00,0.00,0.00,0.00,0.00,0.00,0.00,0.00,0.00,0.00,0.00,0.00,0.00,0.00,0.00,0.00
"101642FRP['CC', 'CC', 'DI']",1,36,BUDGET_ALLOCATION,1,AI-EMOTIONAL-CONSTRUCTIVE-COLLECTIVIST,Reproach,4.16,0.00,4.16,0.00,0.00,0.00,0.00,0.00,0.00,0.00,0.00,0.00,0.00,0.00,0.00,0.00,0.00,0.00,0.00,0.00,0.00,0.00,0.00
"101642FRP['CC', 'CC', 'DI']",1,36,BUDGET_ALLOCATION,2,AI-EMOTIONAL-DISRUPTIVE-INDIVIDUALISTIC,Admiration,4.16,0.00,0.00,0.00,0.00,0.00,0.00,0.00,0.00,0.00,0.00,0.00,0.00,4.16,0.00,0.00,0.00,0.00,2.67,0.00,0.00,0.00,0.00
"101642FRP['CC', 'CC', 'DI']",1,37,BUDGET_ALLOCATION,1,AI-EMOTIONAL-CONSTRUCTIVE-COLLECTIVIST,Reproach,4.16,0.00,4.16,0.00,0.00,0.00,0.00,0.00,0.00,0.00,0.00,0.00,0.00,0.00,0.00,0.00,0.00,0.00,0.00,0.00,0.00,0.00,0.00
"101642FRP['CC', 'CC', 'DI']",1,37,BUDGET_ALLOCATION,0,AI-EMOTIONAL-CONSTRUCTIVE-COLLECTIVIST,Reproach,4.16,0.00,4.16,0.00,0.00,0.00,0.00,0.00,0.00,0.00,0.00,0.00,0.00,0.00,0.00,0.00,0.00,0.00,0.00,0.00,0.00,0.00,0.00
"101642FRP['CC', 'CC', 'DI']",1,37,BUDGET_ALLOCATION,2,AI-EMOTIONAL-DISRUPTIVE-INDIVIDUALISTIC,Admiration,4.16,0.00,0.00,0.00,0.00,0.00,0.00,0.00,0.00,0.00,0.00,0.00,0.00,4.16,0.00,0.00,0.00,0.00,2.67,0.00,0.00,0.00,0.00
"101642FRP['CC', 'CC', 'DI']",1,38,BUDGET_ALLOCATION,0,AI-EMOTIONAL-CONSTRUCTIVE-COLLECTIVIST,Reproach,4.16,0.00,4.16,0.00,0.00,0.00,0.00,0.00,0.00,0.00,0.00,0.00,0.00,0.00,0.00,0.00,0.00,0.00,0.00,0.00,0.00,0.00,0.00
"101642FRP['CC', 'CC', 'DI']",1,38,BUDGET_ALLOCATION,1,AI-EMOTIONAL-CONSTRUCTIVE-COLLECTIVIST,Reproach,4.16,0.00,4.16,0.00,0.00,0.00,0.00,0.00,0.00,0.00,0.00,0.00,0.00,0.00,0.00,0.00,0.00,0.00,0.00,0.00,0.00,0.00,0.00
"101642FRP['CC', 'CC', 'DI']",1,38,BUDGET_ALLOCATION,2,AI-EMOTIONAL-DISRUPTIVE-INDIVIDUALISTIC,Admiration,4.16,0.00,0.00,0.00,0.00,0.00,0.00,0.00,0.00,0.00,0.00,0.00,0.00,4.16,0.00,0.00,0.00,0.00,2.67,0.00,0.00,0.00,0.00
"101642FRP['CC', 'CC', 'DI']",1,39,BUDGET_ALLOCATION,0,AI-EMOTIONAL-CONSTRUCTIVE-COLLECTIVIST,Reproach,4.16,0.00,4.16,0.00,0.00,0.00,0.00,0.00,0.00,0.00,0.00,0.00,0.00,0.00,0.00,0.00,0.00,0.00,0.00,0.00,0.00,0.00,0.00
"101642FRP['CC', 'CC', 'DI']",1,39,BUDGET_ALLOCATION,2,AI-EMOTIONAL-DISRUPTIVE-INDIVIDUALISTIC,Admiration,4.16,0.00,0.00,0.00,0.00,0.00,0.00,0.00,0.00,0.00,0.00,0.00,0.00,4.16,0.00,0.00,0.00,0.00,2.67,0.00,0.00,0.00,0.00
"101642FRP['CC', 'CC', 'DI']",1,39,BUDGET_ALLOCATION,1,AI-EMOTIONAL-CONSTRUCTIVE-COLLECTIVIST,Reproach,4.16,0.00,4.16,0.00,0.00,0.00,0.00,0.00,0.00,0.00,0.00,0.00,0.00,0.00,0.00,0.00,0.00,0.00,0.00,0.00,0.00,0.00,0.00
"101642FRP['CC', 'CC', 'DI']",1,40,BUDGET_ALLOCATION,0,AI-EMOTIONAL-CONSTRUCTIVE-COLLECTIVIST,Reproach,4.16,0.00,4.16,0.00,0.00,0.00,0.00,0.00,0.00,0.00,0.00,0.00,0.00,0.00,0.00,0.00,0.00,0.00,0.00,0.00,0.00,0.00,0.00
"101642FRP['CC', 'CC', 'DI']",1,40,BUDGET_ALLOCATION,1,AI-EMOTIONAL-CONSTRUCTIVE-COLLECTIVIST,Reproach,4.16,0.00,4.16,0.00,0.00,0.00,0.00,0.00,0.00,0.00,0.00,0.00,0.00,0.00,0.00,0.00,0.00,0.00,0.00,0.00,0.00,0.00,0.00
"101642FRP['CC', 'CC', 'DI']",1,40,BUDGET_ALLOCATION,2,AI-EMOTIONAL-DISRUPTIVE-INDIVIDUALISTIC,Admiration,4.16,0.00,0.00,0.00,0.00,0.00,0.00,0.00,0.00,0.00,0.00,0.00,0.00,4.16,0.00,0.00,0.00,0.00,2.67,0.00,0.00,0.00,0.00
"101642FRP['CC', 'CC', 'DI']",1,41,BUDGET_ALLOCATION,0,AI-EMOTIONAL-CONSTRUCTIVE-COLLECTIVIST,Reproach,4.16,0.00,4.16,0.00,0.00,0.00,0.00,0.00,0.00,0.00,0.00,0.00,0.00,0.00,0.00,0.00,0.00,0.00,0.00,0.00,0.00,0.00,0.00
"101642FRP['CC', 'CC', 'DI']",1,41,BUDGET_ALLOCATION,1,AI-EMOTIONAL-CONSTRUCTIVE-COLLECTIVIST,Reproach,4.16,0.00,4.16,0.00,0.00,0.00,0.00,0.00,0.00,0.00,0.00,0.00,0.00,0.00,0.00,0.00,0.00,0.00,0.00,0.00,0.00,0.00,0.00
"101642FRP['CC', 'CC', 'DI']",1,41,BUDGET_ALLOCATION,2,AI-EMOTIONAL-DISRUPTIVE-INDIVIDUALISTIC,Admiration,4.16,0.00,0.00,0.00,0.00,0.00,0.00,0.00,0.00,0.00,0.00,0.00,0.00,4.16,0.00,0.00,0.00,0.00,2.67,0.00,0.00,0.00,0.00
"101642FRP['CC', 'CC', 'DI']",1,42,BUDGET_ALLOCATION,0,AI-EMOTIONAL-CONSTRUCTIVE-COLLECTIVIST,Reproach,4.16,0.00,4.16,0.00,0.00,0.00,0.00,0.00,0.00,0.00,0.00,0.00,0.00,0.00,0.00,0.00,0.00,0.00,0.00,0.00,0.00,0.00,0.00
"101642FRP['CC', 'CC', 'DI']",1,42,BUDGET_ALLOCATION,2,AI-EMOTIONAL-DISRUPTIVE-INDIVIDUALISTIC,Admiration,4.16,0.00,0.00,0.00,0.00,0.00,0.00,0.00,0.00,0.00,0.00,0.00,0.00,4.16,0.00,0.00,0.00,0.00,2.67,0.00,0.00,0.00,0.00
"101642FRP['CC', 'CC', 'DI']",1,42,BUDGET_ALLOCATION,1,AI-EMOTIONAL-CONSTRUCTIVE-COLLECTIVIST,Reproach,4.16,0.00,4.16,0.00,0.00,0.00,0.00,0.00,0.00,0.00,0.00,0.00,0.00,0.00,0.00,0.00,0.00,0.00,0.00,0.00,0.00,0.00,0.00
"101642FRP['CC', 'CC', 'DI']",1,43,BUDGET_ALLOCATION,0,AI-EMOTIONAL-CONSTRUCTIVE-COLLECTIVIST,Reproach,4.16,0.00,4.16,0.00,0.00,0.00,0.00,0.00,0.00,0.00,0.00,0.00,0.00,0.00,0.00,0.00,0.00,0.00,0.00,0.00,0.00,0.00,0.00
"101642FRP['CC', 'CC', 'DI']",1,43,BUDGET_ALLOCATION,1,AI-EMOTIONAL-CONSTRUCTIVE-COLLECTIVIST,Reproach,4.16,0.00,4.16,0.00,0.00,0.00,0.00,0.00,0.00,0.00,0.00,0.00,0.00,0.00,0.00,0.00,0.00,0.00,0.00,0.00,0.00,0.00,0.00
"101642FRP['CC', 'CC', 'DI']",1,44,BUDGET_ALLOCATION,0,AI-EMOTIONAL-CONSTRUCTIVE-COLLECTIVIST,Reproach,4.16,0.00,4.16,0.00,0.00,0.00,0.00,0.00,0.00,0.00,0.00,0.00,0.00,0.00,0.00,0.00,0.00,0.00,0.00,0.00,0.00,0.00,0.00
"101642FRP['CC', 'CC', 'DI']",1,43,BUDGET_ALLOCATION,2,AI-EMOTIONAL-DISRUPTIVE-INDIVIDUALISTIC,Admiration,4.16,0.00,0.00,0.00,0.00,0.00,0.00,0.00,0.00,0.00,0.00,0.00,0.00,4.16,0.00,0.00,0.00,0.00,2.67,0.00,0.00,0.00,0.00
"101642FRP['CC', 'CC', 'DI']",1,44,BUDGET_ALLOCATION,1,AI-EMOTIONAL-CONSTRUCTIVE-COLLECTIVIST,Reproach,4.16,0.00,4.16,0.00,0.00,0.00,0.00,0.00,0.00,0.00,0.00,0.00,0.00,0.00,0.00,0.00,0.00,0.00,0.00,0.00,0.00,0.00,0.00
"101642FRP['CC', 'CC', 'DI']",1,45,BUDGET_ALLOCATION,0,AI-EMOTIONAL-CONSTRUCTIVE-COLLECTIVIST,Reproach,4.16,0.00,4.16,0.00,0.00,0.00,0.00,0.00,0.00,0.00,0.00,0.00,0.00,0.00,0.00,0.00,0.00,0.00,0.00,0.00,0.00,0.00,0.00
"101642FRP['CC', 'CC', 'DI']",1,45,BUDGET_ALLOCATION,1,AI-EMOTIONAL-CONSTRUCTIVE-COLLECTIVIST,Reproach,4.16,0.00,4.16,0.00,0.00,0.00,0.00,0.00,0.00,0.00,0.00,0.00,0.00,0.00,0.00,0.00,0.00,0.00,0.00,0.00,0.00,0.00,0.00
"101642FRP['CC', 'CC', 'DI']",1,44,BUDGET_ALLOCATION,2,AI-EMOTIONAL-DISRUPTIVE-INDIVIDUALISTIC,Admiration,4.16,0.00,0.00,0.00,0.00,0.00,0.00,0.00,0.00,0.00,0.00,0.00,0.00,4.16,0.00,0.00,0.00,0.00,2.67,0.00,0.00,0.00,0.00
"101642FRP['CC', 'CC', 'DI']",1,45,BUDGET_ALLOCATION,2,AI-EMOTIONAL-DISRUPTIVE-INDIVIDUALISTIC,Admiration,4.16,0.00,0.00,0.00,0.00,0.00,0.00,0.00,0.00,0.00,0.00,0.00,0.00,4.16,0.00,0.00,0.00,0.00,2.67,0.00,0.00,0.00,0.00
"101642FRP['CC', 'CC', 'DI']",1,46,BUDGET_ALLOCATION,0,AI-EMOTIONAL-CONSTRUCTIVE-COLLECTIVIST,Reproach,4.16,0.00,4.16,0.00,0.00,0.00,0.00,0.00,0.00,0.00,0.00,0.00,0.00,0.00,0.00,0.00,0.00,0.00,0.00,0.00,0.00,0.00,0.00
"101642FRP['CC', 'CC', 'DI']",1,46,BUDGET_ALLOCATION,1,AI-EMOTIONAL-CONSTRUCTIVE-COLLECTIVIST,Reproach,4.16,0.00,4.16,0.00,0.00,0.00,0.00,0.00,0.00,0.00,0.00,0.00,0.00,0.00,0.00,0.00,0.00,0.00,0.00,0.00,0.00,0.00,0.00
"101642FRP['CC', 'CC', 'DI']",1,46,BUDGET_ALLOCATION,2,AI-EMOTIONAL-DISRUPTIVE-INDIVIDUALISTIC,Admiration,4.16,0.00,0.00,0.00,0.00,0.00,0.00,0.00,0.00,0.00,0.00,0.00,0.00,4.16,0.00,0.00,0.00,0.00,2.67,0.00,0.00,0.00,0.00
"101642FRP['CC', 'CC', 'DI']",1,47,BUDGET_ALLOCATION,0,AI-EMOTIONAL-CONSTRUCTIVE-COLLECTIVIST,Reproach,4.16,0.00,4.16,0.00,0.00,0.00,0.00,0.00,0.00,0.00,0.00,0.00,0.00,0.00,0.00,0.00,0.00,0.00,0.00,0.00,0.00,0.00,0.00
"101642FRP['CC', 'CC', 'DI']",1,47,BUDGET_ALLOCATION,1,AI-EMOTIONAL-CONSTRUCTIVE-COLLECTIVIST,Reproach,4.16,0.00,4.16,0.00,0.00,0.00,0.00,0.00,0.00,0.00,0.00,0.00,0.00,0.00,0.00,0.00,0.00,0.00,0.00,0.00,0.00,0.00,0.00
"101642FRP['CC', 'CC', 'DI']",1,47,BUDGET_ALLOCATION,2,AI-EMOTIONAL-DISRUPTIVE-INDIVIDUALISTIC,Admiration,4.16,0.00,0.00,0.00,0.00,0.00,0.00,0.00,0.00,0.00,0.00,0.00,0.00,4.16,0.00,0.00,0.00,0.00,2.67,0.00,0.00,0.00,0.00
"101642FRP['CC', 'CC', 'DI']",1,48,BUDGET_ALLOCATION,1,AI-EMOTIONAL-CONSTRUCTIVE-COLLECTIVIST,Reproach,4.16,0.00,4.16,0.00,0.00,0.00,0.00,0.00,0.00,0.00,0.00,0.00,0.00,0.00,0.00,0.00,0.00,0.00,0.00,0.00,0.00,0.00,0.00
"101642FRP['CC', 'CC', 'DI']",1,48,BUDGET_ALLOCATION,2,AI-EMOTIONAL-DISRUPTIVE-INDIVIDUALISTIC,Admiration,4.16,0.00,0.00,0.00,0.00,0.00,0.00,0.00,0.00,0.00,0.00,0.00,0.00,4.16,0.00,0.00,0.00,0.00,2.67,0.00,0.00,0.00,0.00
"101642FRP['CC', 'CC', 'DI']",1,49,BUDGET_ALLOCATION,1,AI-EMOTIONAL-CONSTRUCTIVE-COLLECTIVIST,Reproach,4.16,0.00,4.16,0.00,0.00,0.00,0.00,0.00,0.00,0.00,0.00,0.00,0.00,0.00,0.00,0.00,0.00,0.00,0.00,0.00,0.00,0.00,0.00
"101642FRP['CC', 'CC', 'DI']",1,48,BUDGET_ALLOCATION,0,AI-EMOTIONAL-CONSTRUCTIVE-COLLECTIVIST,Reproach,4.16,0.00,4.16,0.00,0.00,0.00,0.00,0.00,0.00,0.00,0.00,0.00,0.00,0.00,0.00,0.00,0.00,0.00,0.00,0.00,0.00,0.00,0.00
"101642FRP['CC', 'CC', 'DI']",1,49,BUDGET_ALLOCATION,0,AI-EMOTIONAL-CONSTRUCTIVE-COLLECTIVIST,Reproach,4.16,0.00,4.16,0.00,0.00,0.00,0.00,0.00,0.00,0.00,0.00,0.00,0.00,0.00,0.00,0.00,0.00,0.00,0.00,0.00,0.00,0.00,0.00
"101642FRP['CC', 'CC', 'DI']",1,50,BUDGET_ALLOCATION,0,AI-EMOTIONAL-CONSTRUCTIVE-COLLECTIVIST,Reproach,4.16,0.00,4.16,0.00,0.00,0.00,0.00,0.00,0.00,0.00,0.00,0.00,0.00,0.00,0.00,0.00,0.00,0.00,0.00,0.00,0.00,0.00,0.00
"101642FRP['CC', 'CC', 'DI']",1,50,BUDGET_ALLOCATION,2,AI-EMOTIONAL-DISRUPTIVE-INDIVIDUALISTIC,Admiration,4.16,0.00,0.00,0.00,0.00,0.00,0.00,0.00,0.00,0.00,0.00,0.00,0.00,4.16,0.00,0.00,0.00,0.00,2.67,0.00,0.00,0.00,0.00
"101642FRP['CC', 'CC', 'DI']",1,49,BUDGET_ALLOCATION,2,AI-EMOTIONAL-DISRUPTIVE-INDIVIDUALISTIC,Admiration,4.16,0.00,0.00,0.00,0.00,0.00,0.00,0.00,0.00,0.00,0.00,0.00,0.00,4.16,0.00,0.00,0.00,0.00,2.67,0.00,0.00,0.00,0.00
"101642FRP['CC', 'CC', 'DI']",1,50,BUDGET_ALLOCATION,1,AI-EMOTIONAL-CONSTRUCTIVE-COLLECTIVIST,Reproach,4.16,0.00,4.16,0.00,0.00,0.00,0.00,0.00,0.00,0.00,0.00,0.00,0.00,0.00,0.00,0.00,0.00,0.00,0.00,0.00,0.00,0.00,0.00
